{
  "framework_name": "KissXML.framework",
  "static_framework": false,
  "resources": [

  ],
  "resource_bundles": [

  ],
  "build_settings": {
    "CODE_SIGN_IDENTITY[sdk=appletvos*]": "",
    "CODE_SIGN_IDENTITY[sdk=iphoneos*]": "",
    "CODE_SIGN_IDENTITY[sdk=watchos*]": "",
    "CURRENT_PROJECT_VERSION": "1",
    "DEFINES_MODULE": "YES",
    "DYLIB_COMPATIBILITY_VERSION": "1",
    "DYLIB_CURRENT_VERSION": "1",
    "DYLIB_INSTALL_NAME_BASE": "@rpath",
    "GCC_PREFIX_HEADER": "Target Support Files/KissXML/KissXML-prefix.pch",
    "INFOPLIST_FILE": "Target Support Files/KissXML/KissXML-Info.plist",
    "INSTALL_PATH": "$(LOCAL_LIBRARY_DIR)/Frameworks",
    "LD_RUNPATH_SEARCH_PATHS": "$(inherited) @executable_path/Frameworks @loader_path/Frameworks",
    "MODULEMAP_FILE": "Target Support Files/KissXML/KissXML.modulemap",
    "PRODUCT_MODULE_NAME": "KissXML",
    "PRODUCT_NAME": "KissXML",
    "SDKROOT": "iphoneos",
    "SKIP_INSTALL": "YES",
    "SWIFT_ACTIVE_COMPILATION_CONDITIONS": "$(inherited) ",
    "SWIFT_VERSION": "5.0",
    "TARGETED_DEVICE_FAMILY": "1,2",
    "VERSIONING_SYSTEM": "apple-generic",
    "VERSION_INFO_PREFIX": ""
  },
  "source_hash": null,
  "project_root": "/Users/kay/Project/Camp"
}